epoch,time,train/box_loss,train/cls_loss,train/dfl_loss,metrics/precision(B),metrics/recall(B),metrics/mAP50(B),metrics/mAP50-95(B),val/box_loss,val/cls_loss,val/dfl_loss,lr/pg0,lr/pg1,lr/pg2
1,173.006,0.53497,1.50567,1.12788,0.91647,0.81188,0.90139,0.71334,0.75438,1.93166,1.85584,0.0005,0.0005,0.0005
2,333.875,0.55433,0.94081,1.13498,0.72851,0.7439,0.68833,0.19141,1.43791,2.9873,2.56374,0.0010099,0.0010099,0.0010099
